506 variants,var,peak_tail
p.Pro2Arg,P2R,53.63
p.Gly6Val,G6V,95.28
p.Ala9Val,A9V,105.06
p.Gln11His,Q11H,124.77
p.Thr13Asn,T13N,135.49
p.Leu15Pro,L15P,60.11
p.Ile19Phe,I19F,76.20
p.Ile19Thr,I19T,90.14
p.Arg20Gly,R20G,104.24
p.Arg20Leu,R20L,89.51
p.Phe22Tyr,F22Y,137.36
p.Ser26Ile,S26I,51.04
p.Arg27Pro,R27P,53.14
p.Phe29Leu,F29L,40.68
p.Phe29Ser,F29S,11.86
p.Phe29Val,F29V,17.56
p.Ile30Thr,I30T,30.68
p.Ile30Del,I30Del,11.29
p.Ile31Ser,I31S,14.03
p.Ile31Thr,I31T,6.65
p.Ala32Pro,A32P,10.39
p.Asn33Thr,N33T,126.34
p.Asn38Lys,N38K,55.92
p.Cys39Arg,C39R,40.70
p.Val41Ala,V41A,25.52
p.Ile42Ser,I42S,16.18
p.Ile42Thr,I42T,45.04
p.Tyr43Cys,Y43C,8.77
p.Tyr43Asp,Y43D,11.85
p.Tyr43Ser,Y43S,9.94
p.Cys44Phe,C44F,10.41
p.Cys44Gly,C44G,16.23
p.Cys44Tyr,C44Y,11.86
p.Asn45Asp,N45D,51.91
p.Asn45Lys,N45K,17.39
p.Gly47Cys,G47C,27.58
p.Gly47Val,G47V,6.38
p.Cys49Gly,C49G,14.24
p.Cys49Arg,C49R,49.59
p.Glu50Asp,E50D,99.78
p.Gly53Asp,G53D,18.33
p.Gly53Arg,G53R,43.71
p.Gly53Ser,G53S,22.71
p.Tyr54Asn,Y54N,11.32
p.Ser55Leu,S55L,60.82
p.Ser55Pro,S55P,58.03
p.Arg56Leu,R56L,23.20
p.Arg56Pro,R56P,82.56
p.Arg56Gln,R56Q,70.29
p.Arg56Trp,R56W,25.08
p.Ala57Pro,A57P,112.15
p.Ala57Thr,A57T,99.66
p.Glu58Asp,E58D,75.50
p.Glu58Gly,E58G,9.65
p.Glu58Lys,E58K,21.61
p.Val59Glu,V59E,15.20
p.Met60Thr,M60T,32.40
p.Gln61Arg,Q61R,98.25
p.Cys64Arg,C64R,24.27
p.Cys64Tyr,C64Y,68.56
p.Thr65Pro,T65P,53.92
p.Thr65Ser,T65S,87.91
p.Cys66Arg,C66R,7.35
p.Cys66Tyr,C66Y,18.58
p.Phe68Leu,F68L,16.01
p.Phe68Val,F68V,10.60
p.Leu69Pro,L69P,13.65
p.His70Gln,H70Q,74.05
p.His70Arg,H70R,64.95
p.Gly71Glu,G71E,14.14
p.Gly71Arg,G71R,17.32
p.Gly71Trp,G71W,9.62
p.Pro72Leu,P72L,36.04
p.Pro72Gln,P72Q,66.54
p.Pro72Arg,P72R,62.81
p.Pro72Ser,P72S,65.51
p.Pro72Thr,P72T,49.53
p.Arg73Gly,R73G,88.32
p.Thr74Ala,T74A,8.16
p.Thr74Met,T74M,8.83
p.Arg77Ser,R77S,94.34
p.Ala78Pro,A78P,79.94
p.Ala78Thr,A78T,43.53
p.Ala78Val,A78V,40.56
p.Ala79Ser,A79S,93.39
p.Ala79Del,A79Del,16.38
p.Gln81His,Q81H,95.37
p.Gln81Pro,Q81P,14.39
p.Ala83Pro,A83P,13.48
p.Leu86Arg,L86R,14.08
p.Leu87Pro,L87P,9.08
p.Glu90Lys,E90K,78.89
p.Glu91Asp,E91D,88.91
p.Val94Ala,V94A,73.82
p.Val94Leu,V94L,51.68
p.Glu95Gly,E95G,66.13
p.Ile96Thr,I96T,49.28
p.Ile96Val,I96V,88.13
p.Ala97Pro,A97P,33.72
p.Phe98Ser,F98S,17.83
p.Tyr99Cys,Y99C,35.93
p.Tyr99Asn,Y99N,44.17
p.Tyr99Ser,Y99S,59.68
p.Arg100Gly,R100G,23.64
p.Arg100Pro,R100P,11.84
p.Lys101Glu,K101E,13.78
p.Lys101Ile,K101I,28.67
p.Lys101Gln,K101Q,64.66
p.Asp102Ala,D102A,61.70
p.Asp102Val,D102V,27.01
p.Phe106Leu,F106L,15.74
p.Phe106Val,F106V,31.54
p.Cys108Arg,C108R,16.99
p.Leu109Pro,L109P,10.69
p.Val110Ala,V110A,55.56
p.Asp111Val,D111V,61.32
p.Pro114Ser,P114S,34.21
p.Val115Leu,V115L,109.20
p.Val115Met,V115M,98.03
p.Ile123del ,I123Del,89.62
p.Met124Arg,M124R,29.29
p.Met124Thr,M124T,150.80
p.Phe125Cys,F125C,57.64
p.Phe129Cys,F129C,14.58
p.Phe129Leu,F129L,54.58
p.Glu130Lys,E130K,90.95
p.Arg148Trp,R148W,60.72
p.Thr152Ile,T152I,94.23
p.Arg164Cys,R164C,130.64
p.Arg164His,R164H,52.49
p.Pro168Leu,P168L,46.47
p.Leu170Ins,L170Ins,50.82
p.Ala172Val,A172V,38.50
p.Arg176Trp,R176W,44.08
p.Ala190Thr,A190T,85.16
p.Ala193Val,A193V,114.92
p.Val194Met,V194M,118.37
p.Asp197Tyr,D197Y,22.39
p.Met218Val,M218V,102.21
p.Gly238Ser,G238S,132.48
p.Ser239Pro,S239P,17.07
p.Pro241Leu,P241L,73.12
p.Arg242Gly,R242G,119.03
p.Arg242His,R242H,129.28
p.Ser243Cys,S243C,79.25
p.Gly246Asp,G246D,181.71
p.Arg252Gly,R252G,166.15
p.Arg273Gln,R273Q,88.72
p.Glu289Lys,E289K,73.29
p.Pro297Ser,P297S,144.96
p.Arg301Leu,R301L,75.01
p.Gly306Trp,G306W,90.74
p.Met308Val,M308V,78.36
p.Arg312Cys,R312C,102.82
p.Leu316His,L316H,100.80
p.Ser320Leu,S320L,62.52
p.Asp323Glu,D323E,98.76
p.Arg328Cys,R328C,73.02
p.Ser331Asn,S331N,84.60
p.Pro334Leu,P334L,8.00
p.Asp342Val,D342V,15.83
p.Pro347Ser,P347S,129.28
p.Ser351Leu,S351L,65.98
p.Arg356His,R356H,142.09
p.Gln376Arg,Q376R,77.72
p.Ala382Thr,A382T,88.60
p.Arg394Cys,R394C,92.99
p.Arg397Cys,R397C,106.71
p.Ile400Asn,I400N,51.61
p.His402Arg,H402R,22.56
p.Trp410Ser,W410S,50.08
p.Thr421Met,T421M,24.27
p.Ala422Asp,A422D,11.43
p.Ala422Thr,A422T,37.83
p.Pro426His,P426H,8.04
p.Pro426Leu,P426L,9.73
p.Tyr427Cys,Y427C,6.83
p.Tyr427Ser,Y427S,10.35
p.Ser428Leu,S428L,76.55
p.Phe431Leu,F431L,9.49
p.Thr436Met,T436M,67.19
p.Glu444Lys,E444K,81.54
p.Pro451Leu,P451L,92.47
p.Asp456Tyr,D456Y,19.26
p.Phe463Leu,F463L,26.80
p.Asp466Glu,D466E,20.02
p.Asp466Tyr,D466Y,22.00
p.Leu468Arg,L468R,27.18
p.Thr474Ile,T474I,44.92
p.Tyr475Cys,Y475C,17.00
p.Glu481Gln,E481Q,57.18
p.Val482Ala,V482A,85.77
p.Pro486Arg,P486R,64.83
p.Gly487Ser,G487S,83.70
p.Ile489Phe,I489F,13.67
p.Ala490Pro,A490P,7.44
p.Ala490Thr,A490T,61.48
p.His492Tyr,H492Y,117.94
p.Tyr493Cys,Y493C,8.83
p.Tyr493His,Y493H,14.69
p.Trp497Leu,W497L,86.49
p.Asp501Ala,D501A,5.90
p.Asp501Gly,D501G,14.00
p.Asp501His,D501H,39.29
p.Asp501Asn,D501N,9.91
p.Asp501Tyr,D501Y,56.27
p.Ala504Val,A504V,35.56
p.Pro507Leu,P507L,30.49
p.Pro507Ser,P507S,39.89
p.Arg528Trp,R528W,187.14
p.Arg531Trp,R531W,41.85
p.Arg534Cys,R534C,11.61
p.Arg534Leu,R534L,41.96
p.Arg534Ser,R534S,50.92
p.Val535Met,V535M,33.64
p.Leu552Ser,L552S,20.70
p.Leu553Val,L553V,24.94
p.Cys555Tyr,C555Y,17.90
p.Ala558Glu,A558E,9.86
p.Ala558Pro,A558P,5.16
p.Leu559Phe,L559F,13.19
p.Ala561Thr,A561T,3.69
p.Ala561Val,A561V,2.87
p.His562Pro,H562P,8.65
p.His562Gln,H562Q,8.05
p.His562Arg,H562R,10.18
p.His562Tyr,H562Y,9.14
p.Trp563Cys,W563C,14.31
p.Trp563Gly,W563G,14.71
p.Leu564Gln,L564Q,10.99
p.Ala565Pro,A565P,10.43
p.Ala565Val,A565V,5.46
p.Cys566Phe,C566F,7.00
p.Cys566Ser,C566S,10.78
p.Ile567Thr,I567T,28.53
p.Trp568Cys,W568C,5.10
p.Tyr569Cys,Y569C,25.70
p.Ala570Ser,A570S,51.57
p.Ile571Leu,I571L,30.57
p.Ile571Met,I571M,12.60
p.Ile571Val,I571V,41.73
p.Gly572Cys,G572C,8.70
p.Gly572Asp,G572D,7.75
p.Gly572Arg,G572R,6.38
p.Gly572Ser,G572S,5.86
p.Met574Val,M574V,41.04
p.Met579Thr,M579T,83.52
p.Arg582Cys,R582C,34.25
p.Arg582Leu,R582L,23.63
p.Arg582Pro,R582P,72.06
p.Ile583Met,I583M,34.08
p.Ile583Val,I583V,128.60
p.Gly584Cys,G584C,7.61
p.Gly584Arg,G584R,4.05
p.Gly584Ser,G584S,44.25
p.Gly584Val,G584V,6.99
p.Leu586Met,L586M,11.73
p.Asn588Asp,N588D,20.37
p.Leu589Pro,L589P,34.06
p.Gly590Asp,G590D,4.28
p.Gly590Val,G590V,5.92
p.Ile593Arg,I593R,6.13
p.Ile593Thr,I593T,8.99
p.Ile593Val,I593V,22.25
p.Gly594Asp,G594D,17.70
p.Lys595Glu,K595E,8.49
p.Lys595Asn,K595N,7.60
p.Pro596Leu,P596L,7.96
p.Pro596Arg,P596R,17.61
p.Pro596Ser,P596S,24.77
p.Pro596Thr,P596T,10.59
p.Tyr597Cys,Y597C,12.57
p.Tyr597His,Y597H,12.67
p.Gly601Cys,G601C,29.04
p.Gly601Ser,G601S,11.44
p.Gly603Asp,G603D,19.62
p.Gly604Asp,G604D,5.77
p.Gly604Ser,G604S,2.39
p.Pro605Leu,P605L,32.63
p.Pro605Ser,P605S,5.43
p.Ser606Del,S606Del,6.70
p.Ser606Phe,S606F,14.12
p.Ser606Pro,S606P,14.75
p.Lys608Asn,K608N,73.62
p.Asp609Gly,D609G,11.40
p.Asp609Asn,D609N,4.75
p.Lys610Asn,K610N,9.98
p.Tyr611Cys,Y611C,5.78
p.Tyr611Asp,Y611D,12.60
p.Tyr611Phe,Y611F,31.26
p.Val612Ala,V612A,9.04
p.Val612Leu,V612L,13.56
p.Thr613Ala,T613A,60.19
p.Thr613Lys,T613K,6.24
p.Thr613Met,T613M,4.15
p.Ala614Leu,A614L,10.73
p.Ala614Thr,A614T,7.72
p.Ala614Val,A614V,4.21
p.Leu615Phe,L615F,8.20
p.Tyr616Phe,Y616F,5.41
p.Tyr616Ser,Y616S,9.46
p.Phe617Leu,F617L,20.22
p.Thr618Ser,T618S,5.06
p.Ser620Asn,S620N,12.57
p.Ser621Asn,S621N,11.02
p.Ser621Arg,S621R,3.34
p.Leu622Phe,L622F,8.33
p.Thr623Ala,T623A,6.83
p.Thr623Ile,T623I,5.02
p.Val625Glu,V625E,7.14
p.Gly626Ala,G626A,10.47
p.Gly626Asp,G626D,11.26
p.Gly626Ser,G626S,7.54
p.Gly626Val,G626V,2.85
p.Phe627Leu,F627L,7.80
p.Gly628Ser,G628S,6.27
p.Gly628Val,G628V,4.93
p.Asn629Ile,N629I,6.89
p.Asn629Lys,N629K,8.20
p.Asn629Ser,N629S,47.89
p.Asn629Thr,N629T,2.79
p.Val630Ala,V630A,4.32
p.Val630Ile,V630I,49.27
p.Ser631Phe,S631F,22.98
p.Pro632Ala,P632A,55.49
p.Pro632Leu,P632L,6.07
p.Pro632Ser,P632S,2.82
p.Asn633Ile,N633I,17.56
p.Asn633Lys,N633K,5.29
p.Asn633Ser,N633S,6.55
p.Asn633Thr,N633T,12.84
p.Thr634Ala,T634A,7.62
p.Thr634Ile,T634I,7.33
p.Thr634Ser,T634S,26.32
p.Asn635Asp,N635D,12.16
p.Asn635Ser,N635S,37.27
p.Asn635Thr,N635T,54.02
p.Glu637Asp,E637D,7.75
p.Glu637Lys,E637K,10.64
p.Lys638Del,K638Del,13.82
p.Lys638Glu,K638E,8.04
p.Lys638Asn,K638N,5.81
p.Lys638Gln,K638Q,8.24
p.Lys638Arg,K638R,11.10
p.Ile639Phe,I639F,16.06
p.Ile639Asn,I639N,12.43
p.Ile639Thr,I639T,63.01
p.Phe640Del,F640Del,19.36
p.Phe640Leu,F640L,8.39
p.Phe640Val,F640V,16.57
p.Ser641Phe,S641F,4.12
p.Ser641Pro,S641P,6.37
p.Ile642Val,I642V,99.10
p.Val644Phe,V644F,17.36
p.Val644Leu,V644L,36.91
p.Met645Ile,M645I,4.08
p.Met645Leu,M645L,6.58
p.Met645Val,M645V,5.41
p.Gly648Ala,G648A,6.24
p.Gly648Ser,G648S,6.17
p.Ser649Phe,S649F,9.53
p.Ser649Pro,S649P,24.00
p.Met651Lys,M651K,62.32
p.Met651Arg,M651R,5.33
p.Ile655Phe,I655F,44.54
p.Gly657Arg,G657R,9.49
p.Gly657Ser,G657S,54.18
p.Gly657Val,G657V,6.00
p.Asn658Ser,N658S,21.52
p.Ser660Leu,S660L,27.32
p.Arg681Pro,R681P,14.58
p.Arg685His,R685H,83.67
p.Arg685Pro,R685P,31.16
p.His687Tyr,H687Y,100.40
p.Arg694His,R694H,98.66
p.Leu697His,L697H,11.18
p.Ser706Phe,S706F,48.69
p.Ile711Val,I711V,86.51
p.Asp712Asn,D712N,74.98
p.Leu717Pro,L717P,32.60
p.Pro721Leu,P721L,9.53
p.Pro721Arg,P721R,12.08
p.His731Arg,H731R,38.79
p.Leu732Pro,L732P,7.12
p.Arg734Cys,R734C,46.50
p.Arg734His,R734H,81.54
p.Leu737Pro,L737P,10.23
p.Arg744Pro,R744P,38.79
p.Gly749Val,G749V,53.66
p.Cys750Arg,C750R,19.47
p.Arg752Pro,R752P,13.34
p.Arg752Trp,R752W,13.88
p.Met756Val,M756V,74.32
p.Pro765Leu,P765L,39.04
p.Leu769Arg,L769R,9.39
p.His771Arg,H771R,49.32
p.Asp774Tyr,D774Y,18.06
p.Leu776Pro,L776P,10.32
p.Ser783Pro,S783P,9.28
p.Arg784Trp,R784W,68.86
p.Gly785Asp,G785D,9.49
p.Gly785Ser,G785S,13.08
p.Gly785Val,G785V,11.70
p.Ile787Met,I787M,97.56
p.Glu788Asp,E788D,19.60
p.Glu788Lys,E788K,60.68
p.Ile789Phe,I789F,8.33
p.Arg791Trp,R791W,76.70
p.Val795IIe,V795I,75.27
p.Val796Del,V796Del,28.31
p.Leu799Pro,L799P,12.14
p.Phe805Cys,F805C,13.22
p.Phe805Ser,F805S,20.84
p.Gly806Arg,G806R,11.30
p.Pro815Leu,P815L,62.95
p.Gly816Val,G816V,30.21
p.Ser818Leu,S818L,7.70
p.Gly820Arg,G820R,100.20
p.Val822Met,V822M,10.16
p.Arg823Gln,R823Q,47.07
p.Arg823Trp,R823W,11.30
p.Thr826Ala,T826A,73.53
p.Thr826Ile,T826I,29.11
p.Cys828Trp,C828W,20.86
p.Asp837Gly,D837G,31.58
p.Asp837Asn,D837N,19.69
p.Asp837Tyr,D837Y,14.62
p.Leu838Arg,L838R,9.72
p.Val841Leu,V841L,64.56
p.Met844Ile,M844I,121.66
p.Tyr845Asp,Y845D,34.55
p.Pro846Ala,P846A,44.74
p.Pro846Leu,P846L,23.05
p.Pro846Ser,P846S,91.43
p.Pro846Thr,P846T,62.46
p.Ser854Ala,S854A,89.57
p.Ser855Arg,S855R,146.41
p.Ile858Thr,I858T,31.85
p.Asn861His,N861H,22.35
p.Asn861Ile,N861I,86.53
p.Leu862Pro,L862P,13.76
p.Arg863Pro,R863P,10.56
p.Asp864Gly,D864G,78.06
p.Thr865Ile,T865I,160.78
p.Pro869Leu,P869L,81.36
p.Pro872Leu,P872L,94.21
p.Thr875Met,T875M,117.29
p.Arg883Gln,R883Q,102.21
p.Arg883Trp,R883W,141.85
p.Leu889Val,L889V,86.19
p.Arg894Cys,R894C,81.97
p.Thr895Met,T895M,121.88
p.Gly903Arg,G903R,68.34
p.Val905Met,V905M,66.32
p.Ser906Leu,S906L,64.38
p.Pro910Leu,P910L,71.94
p.Ala913Val,A913V,72.00
p.Pro917Leu,P917L,120.78
p.Arg920Gly,R920G,124.10
p.Arg920Trp,R920W,106.50
p.Arg922Trp,R922W,96.71
p.Pro923Leu,P923L,102.21
p.Gly924Ala,G924A,81.47
p.Trp927Gly,W927G,100.20
p.Ser937Asn,S937N,115.99
p.Pro946Leu,P946L,23.54
p.Arg948His,R948H,92.35
p.Arg948Ser,R948S,93.06
p.Arg954Cys,R954C,91.20
p.Arg954His,R954H,79.66
p.Ser960Asn,S960N,87.20
p.Pro963Thr,P963T,101.40
p.Pro964Leu,P964L,164.10
p.Pro972Ser,P972S,108.16
p.Cys977Ser,C977S,95.51
p.Cys977Tyr,C977Y,108.99
p.Ser981Gly,S981G,95.47
p.Thr983Ile,T983I,86.86
p.Pro986Thr,P986T,26.45
p.Asn996Ile,N996I,24.73
p.Arg1005Trp,R1005W,72.27
p.Arg1007His,R1007H,66.57
p.Arg1032Pro,R1032P,80.93
p.Arg1032Gln,R1032Q,175.30
p.Gly1036Asp,G1036D,72.66
p.Leu1045Phe,L1045F,86.06
p.Arg1047Cys,R1047C,99.72
p.Arg1047His,R1047H,131.33
p.Arg1047Leu,R1047L,95.26
p.Leu1049Pro,L1049P,69.69
p.Arg1055Gln,R1055Q,79.83
p.Ala1061Pro,A1061P,40.90
p.Thr1062Ile,T1062I,84.70
p.Leu1066Val,L1066V,139.95
p.Gln1068Arg,Q1068R,85.29
p.Pro1075Leu,P1075L,105.68
p.Pro1084Leu,P1084L,104.24
p.Pro1093Leu,P1093L,99.88
p.Ser1109Pro,S1109P,124.55
p.Ala1116Val,A1116V,87.87
p.Glu1119Gln,E1119Q,64.74
p.Pro1122Leu,P1122L,105.68
p.Arg1135His,R1135H,97.38
p.Ala1144Thr,A1144T,105.27
p.His1153Tyr,H1153Y,141.37
p.His1153Pro,H1153P,112.36
